x_value,total_1,total_2
0,1000,1000
1,997,1001
2,995,1007
3,999,1013
4,993,1012
5,1000,1014
6,1007,1010
7,1010,1012
8,1014,1015
9,1008,1015
10,1013,1013
11,1015,1017
12,1019,1014
13,1014,1013
14,1015,1011
15,1018,1007
16,1025,1002
17,1019,1002
18,1014,1005
19,1018,1002
20,1025,1006
21,1020,1010
22,1023,1016
23,1026,1022
24,1028,1017
25,1035,1013
26,1039,1018
27,1038,1020
28,1041,1017
29,1037,1022
30,1037,1022
31,1032,1028
32,1031,1029
33,1031,1029
34,1038,1025
35,1041,1023
36,1041,1025
37,1048,1025
38,1042,1021
39,1045,1025
40,1043,1031
41,1048,1027
42,1053,1024
43,1047,1026
44,1044,1023
45,1042,1026
46,1039,1023
47,1043,1024
48,1044,1022
49,1052,1017
50,1058,1020
51,1057,1022
52,1057,1025
53,1051,1028
54,1047,1027
